yr,dual,age_band,sex,stays,allowed
2016,false,65-74,Female,144,1117753.3299999998
2016,false,65-74,Male,213,2170664.1200000006
2016,false,75-84,Female,63,397544.51000000007
2016,false,75-84,Male,114,611438.1400000004
2016,false,85+,Female,135,280088.68
2016,false,85+,Male,130,245486.47999999986
2016,false,<65,Female,308,2314142.2800000017
2016,false,<65,Male,241,1057989.6500000001
2016,true,65-74,Female,66,540379.9299999999
2016,true,65-74,Male,87,441095.3199999999
2016,true,75-84,Female,69,391825.2100000001
2016,true,75-84,Male,59,264234.48999999993
2016,true,85+,Female,19,23199.78
2016,true,85+,Male,44,57691.32
2016,true,<65,Female,123,821201.2899999998
2016,true,<65,Male,130,406012.9699999997
2017,false,65-74,Female,168,1111251.75
2017,false,65-74,Male,203,1817222.6399999997
2017,false,75-84,Female,74,644747.2999999999
2017,false,75-84,Male,196,855264.0099999998
2017,false,85+,Female,113,459731.1
2017,false,85+,Male,158,270392.3199999999
2017,false,<65,Female,328,2161145.2299999995
2017,false,<65,Male,289,1517792.0800000008
2017,true,65-74,Female,68,232843.06999999998
2017,true,65-74,Male,95,751029.8199999998
2017,true,75-84,Female,37,271945.28
2017,true,75-84,Male,92,215610.53
2017,true,85+,Female,14,15674.199999999999
2017,true,85+,Male,24,105704.61
2017,true,<65,Female,115,653757.8999999999
2017,true,<65,Male,132,383704.9299999999
2018,false,65-74,Female,200,1769978.55
2018,false,65-74,Male,193,2275292.0100000007
2018,false,75-84,Female,121,778250.17
2018,false,75-84,Male,178,606686.9599999996
2018,false,85+,Female,131,242572.71999999994
2018,false,85+,Male,225,450448.6899999999
2018,false,<65,Female,323,2557945.4899999998
2018,false,<65,Male,318,1786433.9700000004
2018,true,65-74,Female,84,520549.23
2018,true,65-74,Male,90,553293.5599999998
2018,true,75-84,Female,44,797372.6100000001
2018,true,75-84,Male,119,313168.86000000004
2018,true,85+,Female,25,39339.15
2018,true,85+,Male,32,54520.15
2018,true,<65,Female,128,1317915.1699999995
2018,true,<65,Male,132,1168630.0799999996
2019,false,65-74,Female,193,1860344.320000001
2019,false,65-74,Male,217,1420300.3599999994
2019,false,75-84,Female,84,449346.3099999999
2019,false,75-84,Male,243,1185833.1900000002
2019,false,85+,Female,105,298982.35
2019,false,85+,Male,230,889415.52
2019,false,<65,Female,315,2972354.299999999
2019,false,<65,Male,271,2617314.6299999966
2019,true,65-74,Female,97,512279.46
2019,true,65-74,Male,103,474839.64
2019,true,75-84,Female,72,268651.51
2019,true,75-84,Male,90,368874.44999999995
2019,true,85+,Female,41,79145.77
2019,true,85+,Male,73,66927.74000000002
2019,true,<65,Female,146,922861.8899999998
2019,true,<65,Male,132,949560.9700000001
2020,false,65-74,Female,223,3230031.1999999993
2020,false,65-74,Male,258,3499629.529999998
2020,false,75-84,Female,130,934337.2100000002
2020,false,75-84,Male,200,1191965.91
2020,false,85+,Female,101,848418.6199999999
2020,false,85+,Male,206,780206.1599999998
2020,false,<65,Female,339,3649928.7999999975
2020,false,<65,Male,345,3545304.6799999997
2020,true,65-74,Female,80,457983.3099999998
2020,true,65-74,Male,152,1449550.1399999994
2020,true,75-84,Female,56,310913.2
2020,true,75-84,Male,113,1562274.52
2020,true,85+,Female,31,389757.67
2020,true,85+,Male,64,128557.01999999995
2020,true,<65,Female,130,868476.7200000006
2020,true,<65,Male,134,818118.79
2021,false,65-74,Female,279,2947955.679999997
2021,false,65-74,Male,288,5713933.89
2021,false,75-84,Female,155,1140528.5999999996
2021,false,75-84,Male,259,2043299.4600000016
2021,false,85+,Female,159,350520.4799999999
2021,false,85+,Male,252,575147.5600000003
2021,false,<65,Female,343,3664980.53
2021,false,<65,Male,326,3676929.0500000017
2021,true,65-74,Female,132,939731.7700000004
2021,true,65-74,Male,129,788369.5799999998
2021,true,75-84,Female,58,403716.12999999983
2021,true,75-84,Male,127,1775398.6099999999
2021,true,85+,Female,22,115846.7
2021,true,85+,Male,50,65238.31000000001
2021,true,<65,Female,157,819579.6899999998
2021,true,<65,Male,131,885549.7799999999
2022,false,65-74,Female,317,3436834.220000001
2022,false,65-74,Male,315,7562113.339999993
2022,false,75-84,Female,163,834146.1199999999
2022,false,75-84,Male,279,2108568.0000000014
2022,false,85+,Female,243,297114.5600000002
2022,false,85+,Male,262,401577.15
2022,false,<65,Female,380,4540260.439999996
2022,false,<65,Male,343,6782778.09
2022,true,65-74,Female,117,884068.0400000004
2022,true,65-74,Male,197,2692583.570000002
2022,true,75-84,Female,73,430712.54999999993
2022,true,75-84,Male,175,1561686.9500000011
2022,true,85+,Female,39,96271.34000000003
2022,true,85+,Male,73,129623.82999999999
2022,true,<65,Female,132,538039.47
2022,true,<65,Male,140,1203456.4300000004
