yr,dual,age_band,sex,members
2016,all,65-74,Female,853
2016,all,65-74,Male,895
2016,all,65-74,all,1748
2016,all,75-84,Female,291
2016,all,75-84,Male,284
2016,all,75-84,all,575
2016,all,85+,Female,245
2016,all,85+,Male,231
2016,all,85+,all,476
2016,all,<65,Female,1495
2016,all,<65,Male,1636
2016,all,<65,all,3131
2016,all,all,Female,2884
2016,all,all,Male,3046
2016,all,all,all,5930
2016,false,65-74,Female,670
2016,false,65-74,Male,685
2016,false,65-74,all,1355
2016,false,75-84,Female,207
2016,false,75-84,Male,203
2016,false,75-84,all,410
2016,false,85+,Female,181
2016,false,85+,Male,177
2016,false,85+,all,358
2016,false,<65,Female,1120
2016,false,<65,Male,1221
2016,false,<65,all,2341
2016,false,all,Female,2178
2016,false,all,Male,2286
2016,false,all,all,4464
2016,true,65-74,Female,213
2016,true,65-74,Male,240
2016,true,65-74,all,453
2016,true,75-84,Female,84
2016,true,75-84,Male,81
2016,true,75-84,all,165
2016,true,85+,Female,64
2016,true,85+,Male,54
2016,true,85+,all,118
2016,true,<65,Female,375
2016,true,<65,Male,415
2016,true,<65,all,790
2016,true,all,Female,736
2016,true,all,Male,790
2016,true,all,all,1526
2017,all,65-74,Female,942
2017,all,65-74,Male,945
2017,all,65-74,all,1887
2017,all,75-84,Female,315
2017,all,75-84,Male,325
2017,all,75-84,all,640
2017,all,85+,Female,255
2017,all,85+,Male,243
2017,all,85+,all,498
2017,all,<65,Female,1542
2017,all,<65,Male,1670
2017,all,<65,all,3212
2017,all,all,Female,3054
2017,all,all,Male,3183
2017,all,all,all,6237
2017,false,65-74,Female,737
2017,false,65-74,Male,723
2017,false,65-74,all,1460
2017,false,75-84,Female,224
2017,false,75-84,Male,232
2017,false,75-84,all,456
2017,false,85+,Female,189
2017,false,85+,Male,186
2017,false,85+,all,375
2017,false,<65,Female,1150
2017,false,<65,Male,1254
2017,false,<65,all,2404
2017,false,all,Female,2300
2017,false,all,Male,2395
2017,false,all,all,4695
2017,true,65-74,Female,238
2017,true,65-74,Male,248
2017,true,65-74,all,486
2017,true,75-84,Female,91
2017,true,75-84,Male,93
2017,true,75-84,all,184
2017,true,85+,Female,66
2017,true,85+,Male,57
2017,true,85+,all,123
2017,true,<65,Female,392
2017,true,<65,Male,416
2017,true,<65,all,808
2017,true,all,Female,787
2017,true,all,Male,814
2017,true,all,all,1601
2018,all,65-74,Female,1015
2018,all,65-74,Male,1018
2018,all,65-74,all,2033
2018,all,75-84,Female,358
2018,all,75-84,Male,401
2018,all,75-84,all,759
2018,all,85+,Female,273
2018,all,85+,Male,253
2018,all,85+,all,526
2018,all,<65,Female,1576
2018,all,<65,Male,1705
2018,all,<65,all,3281
2018,all,all,Female,3222
2018,all,all,Male,3377
2018,all,all,all,6599
2018,false,65-74,Female,794
2018,false,65-74,Male,792
2018,false,65-74,all,1586
2018,false,75-84,Female,256
2018,false,75-84,Male,282
2018,false,75-84,all,538
2018,false,85+,Female,201
2018,false,85+,Male,191
2018,false,85+,all,392
2018,false,<65,Female,1178
2018,false,<65,Male,1269
2018,false,<65,all,2447
2018,false,all,Female,2429
2018,false,all,Male,2534
2018,false,all,all,4963
2018,true,65-74,Female,254
2018,true,65-74,Male,259
2018,true,65-74,all,513
2018,true,75-84,Female,102
2018,true,75-84,Male,119
2018,true,75-84,all,221
2018,true,85+,Female,72
2018,true,85+,Male,62
2018,true,85+,all,134
2018,true,<65,Female,398
2018,true,<65,Male,436
2018,true,<65,all,834
2018,true,all,Female,826
2018,true,all,Male,876
2018,true,all,all,1702
2019,all,65-74,Female,1093
2019,all,65-74,Male,1081
2019,all,65-74,all,2174
2019,all,75-84,Female,425
2019,all,75-84,Male,480
2019,all,75-84,all,905
2019,all,85+,Female,285
2019,all,85+,Male,258
2019,all,85+,all,543
2019,all,<65,Female,1638
2019,all,<65,Male,1756
2019,all,<65,all,3394
2019,all,all,Female,3441
2019,all,all,Male,3575
2019,all,all,all,7016
2019,false,65-74,Female,846
2019,false,65-74,Male,840
2019,false,65-74,all,1686
2019,false,75-84,Female,309
2019,false,75-84,Male,343
2019,false,75-84,all,652
2019,false,85+,Female,210
2019,false,85+,Male,194
2019,false,85+,all,404
2019,false,<65,Female,1226
2019,false,<65,Male,1315
2019,false,<65,all,2541
2019,false,all,Female,2591
2019,false,all,Male,2692
2019,false,all,all,5283
2019,true,65-74,Female,280
2019,true,65-74,Male,270
2019,true,65-74,all,550
2019,true,75-84,Female,116
2019,true,75-84,Male,137
2019,true,75-84,all,253
2019,true,85+,Female,75
2019,true,85+,Male,64
2019,true,85+,all,139
2019,true,<65,Female,412
2019,true,<65,Male,441
2019,true,<65,all,853
2019,true,all,Female,883
2019,true,all,Male,912
2019,true,all,all,1795
2020,all,65-74,Female,1189
2020,all,65-74,Male,1156
2020,all,65-74,all,2345
2020,all,75-84,Female,496
2020,all,75-84,Male,528
2020,all,75-84,all,1024
2020,all,85+,Female,290
2020,all,85+,Male,269
2020,all,85+,all,559
2020,all,<65,Female,1677
2020,all,<65,Male,1781
2020,all,<65,all,3458
2020,all,all,Female,3652
2020,all,all,Male,3734
2020,all,all,all,7386
2020,false,65-74,Female,927
2020,false,65-74,Male,897
2020,false,65-74,all,1824
2020,false,75-84,Female,358
2020,false,75-84,Male,375
2020,false,75-84,all,733
2020,false,85+,Female,212
2020,false,85+,Male,202
2020,false,85+,all,414
2020,false,<65,Female,1258
2020,false,<65,Male,1340
2020,false,<65,all,2598
2020,false,all,Female,2755
2020,false,all,Male,2814
2020,false,all,all,5569
2020,true,65-74,Female,302
2020,true,65-74,Male,298
2020,true,65-74,all,600
2020,true,75-84,Female,138
2020,true,75-84,Male,153
2020,true,75-84,all,291
2020,true,85+,Female,78
2020,true,85+,Male,67
2020,true,85+,all,145
2020,true,<65,Female,419
2020,true,<65,Male,441
2020,true,<65,all,860
2020,true,all,Female,937
2020,true,all,Male,959
2020,true,all,all,1896
2021,all,65-74,Female,1264
2021,all,65-74,Male,1203
2021,all,65-74,all,2467
2021,all,75-84,Female,562
2021,all,75-84,Male,606
2021,all,75-84,all,1168
2021,all,85+,Female,300
2021,all,85+,Male,284
2021,all,85+,all,584
2021,all,<65,Female,1720
2021,all,<65,Male,1833
2021,all,<65,all,3553
2021,all,all,Female,3846
2021,all,all,Male,3926
2021,all,all,all,7772
2021,false,65-74,Female,973
2021,false,65-74,Male,928
2021,false,65-74,all,1901
2021,false,75-84,Female,414
2021,false,75-84,Male,434
2021,false,75-84,all,848
2021,false,85+,Female,220
2021,false,85+,Male,217
2021,false,85+,all,437
2021,false,<65,Female,1297
2021,false,<65,Male,1382
2021,false,<65,all,2679
2021,false,all,Female,2904
2021,false,all,Male,2961
2021,false,all,all,5865
2021,true,65-74,Female,322
2021,true,65-74,Male,310
2021,true,65-74,all,632
2021,true,75-84,Female,148
2021,true,75-84,Male,172
2021,true,75-84,all,320
2021,true,85+,Female,80
2021,true,85+,Male,67
2021,true,85+,all,147
2021,true,<65,Female,423
2021,true,<65,Male,451
2021,true,<65,all,874
2021,true,all,Female,973
2021,true,all,Male,1000
2021,true,all,all,1973
2022,all,65-74,Female,1336
2022,all,65-74,Male,1277
2022,all,65-74,all,2613
2022,all,75-84,Female,630
2022,all,75-84,Male,674
2022,all,75-84,all,1304
2022,all,85+,Female,313
2022,all,85+,Male,295
2022,all,85+,all,608
2022,all,<65,Female,1771
2022,all,<65,Male,1879
2022,all,<65,all,3650
2022,all,all,Female,4050
2022,all,all,Male,4125
2022,all,all,all,8175
2022,false,65-74,Female,1030
2022,false,65-74,Male,990
2022,false,65-74,all,2020
2022,false,75-84,Female,465
2022,false,75-84,Male,482
2022,false,75-84,all,947
2022,false,85+,Female,230
2022,false,85+,Male,226
2022,false,85+,all,456
2022,false,<65,Female,1339
2022,false,<65,Male,1417
2022,false,<65,all,2756
2022,false,all,Female,3064
2022,false,all,Male,3115
2022,false,all,all,6179
2022,true,65-74,Female,346
2022,true,65-74,Male,322
2022,true,65-74,all,668
2022,true,75-84,Female,165
2022,true,75-84,Male,192
2022,true,75-84,all,357
2022,true,85+,Female,83
2022,true,85+,Male,69
2022,true,85+,all,152
2022,true,<65,Female,432
2022,true,<65,Male,462
2022,true,<65,all,894
2022,true,all,Female,1026
2022,true,all,Male,1045
2022,true,all,all,2071
